dataset_index,source_repo,target_repo,direction,change_type,source_file_count,target_file_count,creation_delay_days,integration_delay_days
1,BSC,Ethereum,BSC->Ethereum,bug_fix,1,1,0.11503472222222222,12.055590277777778
2,BSC,Ethereum,BSC->Ethereum,bug_fix,1,1,0.08725694444444444,22.12591435185185
3,Ethereum,BSC,Ethereum->BSC,bug_fix,8,8,148.34976851851852,142.76784722222223
4,Ethereum,BSC,Ethereum->BSC,bug_fix,12,25,79.71836805555556,118.67559027777777
5,Ethereum,BSC,Ethereum->BSC,bug_fix,4,4,32.0102662037037,2.823298611111111
6,Ethereum,BSC,Ethereum->BSC,bug_fix,12,12,137.72717592592593,151.4712847222222
7,Ethereum,BSC,Ethereum->BSC,new_feature,5,5,325.0532523148148,257.74837962962965
8,Ethereum,BSC,Ethereum->BSC,new_feature,1,1,463.732974537037,463.9645717592593
9,Ethereum,BSC,Ethereum->BSC,bug_fix,5,4,237.54126157407407,243.93631944444445
10,Ethereum,BSC,Ethereum->BSC,new_feature,1,1,335.1743287037037,335.1594328703704
11,Ethereum,BSC,Ethereum->BSC,bug_fix,1,1,1.761412037037037,1.7257407407407408
12,Ethereum,BSC,Ethereum->BSC,bug_fix,1,1,66.20488425925926,65.98726851851852
13,Ethereum,BSC,Ethereum->BSC,new_feature,2,1,36.51387731481481,16.04158564814815
14,Ethereum,BSC,Ethereum->BSC,new_feature,4,4,155.40020833333332,125.61697916666667
15,Ethereum,BSC,Ethereum->BSC,bug_fix,1,1,19.832928240740742,19.778564814814814
16,Ethereum,BSC,Ethereum->BSC,bug_fix,4,4,13.679560185185185,12.954282407407407
17,Ethereum,BSC,Ethereum->BSC,new_feature,8,9,171.9096064814815,98.00106481481481
18,Ethereum,BSC,Ethereum->BSC,refactor,6,6,205.95949074074073,183.55883101851853
19,Ethereum,BSC,Ethereum->BSC,new_feature,1,1,69.01415509259259,64.69778935185185
20,Ethereum,BSC,Ethereum->BSC,bug_fix,1,1,3.5303935185185185,3.6694444444444443
21,Ethereum,BSC,Ethereum->BSC,bug_fix,5,5,28.04636574074074,0.013125
22,Ethereum,BSC,Ethereum->BSC,bug_fix,2,2,5.010960648148148,0.4554050925925926
23,Ethereum,BSC,Ethereum->BSC,bug_fix,1,1,35.503310185185185,35.201712962962965
24,Ethereum,BSC,Ethereum->BSC,new_feature,6,6,65.52189814814815,0.5572916666666666
25,Ethereum,BSC,Ethereum->BSC,bug_fix,24,26,27.69329861111111,19.683587962962964
26,Ethereum,BSC,Ethereum->BSC,bug_fix,5,5,48.149976851851854,28.078912037037036
27,Ethereum,BSC,Ethereum->BSC,bug_fix,2,2,9.762199074074074,12.732986111111112
28,Ethereum,BSC,Ethereum->BSC,bug_fix,3,1,125.20012731481482,123.25961805555555
29,Ethereum,BSC,Ethereum->BSC,bug_fix,1,1,0.17732638888888888,0.2247222222222222
30,Ethereum,BSC,Ethereum->BSC,new_feature,4,3,12.835011574074073,0.16615740740740742
31,Ethereum,BSC,Ethereum->BSC,bug_fix,1,1,33.26369212962963,12.187175925925926
32,Ethereum,BSC,Ethereum->BSC,bug_fix,1,1,21.20394675925926,44.95326388888889
33,Ethereum,BSC,Ethereum->BSC,bug_fix,2,2,55.63650462962963,55.561076388888885
34,Ethereum,BSC,Ethereum->BSC,bug_fix,1,1,65.82443287037037,60.52121527777778
35,Ethereum,BSC,Ethereum->BSC,bug_fix,2,2,22.435960648148146,26.329444444444444
36,Ethereum,BSC,Ethereum->BSC,bug_fix,2,2,107.3343287037037,107.38253472222222
37,Ethereum,BSC,Ethereum->BSC,maintenance,1,1,23.30755787037037,-1.1574074074074073e-05
38,Ethereum,BSC,Ethereum->BSC,bug_fix,2,2,0.004456018518518519,-2.3148148148148147e-05
39,Ethereum,BSC,Ethereum->BSC,bug_fix,3,3,0.6806365740740741,0.0
40,Ethereum,BSC,Ethereum->BSC,new_feature,6,6,4.329282407407407,-1.1574074074074073e-05
41,Ethereum,BSC,Ethereum->BSC,bug_fix,1,1,0.0009606481481481482,0.0
42,Ethereum,BSC,Ethereum->BSC,maintenance,2,2,1.3124189814814815,0.0
43,Ethereum,BSC,Ethereum->BSC,maintenance,1,1,0.4087384259259259,0.0
44,Ethereum,BSC,Ethereum->BSC,bug_fix,2,2,0.7044907407407407,0.0
45,Ethereum,BSC,Ethereum->BSC,bug_fix,1,1,1.8502314814814815,0.0
46,Ethereum,BSC,Ethereum->BSC,bug_fix,45,45,65.0428587962963,-1.1574074074074073e-05
47,Ethereum,BSC,Ethereum->BSC,bug_fix,1,1,0.04693287037037037,-1.1574074074074073e-05
48,Ethereum,BSC,Ethereum->BSC,bug_fix,10,10,2.9224305555555556,0.0
49,Ethereum,BSC,Ethereum->BSC,bug_fix,1,1,0.21877314814814816,0.0
50,Ethereum,BSC,Ethereum->BSC,bug_fix,4,4,1.1061458333333334,0.0
51,Ethereum,BSC,Ethereum->BSC,bug_fix,2,2,3.6647800925925926,0.0
52,Ethereum,BSC,Ethereum->BSC,maintenance,3,3,3.001377314814815,0.0
53,Ethereum,BSC,Ethereum->BSC,maintenance,2,2,19.85644675925926,0.0
54,Ethereum,BSC,Ethereum->BSC,bug_fix,2,2,31.97130787037037,0.0
55,Ethereum,BSC,Ethereum->BSC,bug_fix,4,4,21.35679398148148,0.0
56,Ethereum,BSC,Ethereum->BSC,bug_fix,12,12,3.547534722222222,0.0
57,Ethereum,BSC,Ethereum->BSC,bug_fix,60,60,4.035127314814815,-1.1574074074074073e-05
58,Ethereum,BSC,Ethereum->BSC,maintenance,2,2,17.80199074074074,0.0
59,Ethereum,BSC,Ethereum->BSC,refactor,1,1,1.173113425925926,-1.1574074074074073e-05
60,Ethereum,BSC,Ethereum->BSC,new_feature,1,1,0.18388888888888888,0.0
61,Ethereum,BSC,Ethereum->BSC,maintenance,1,1,8.092604166666666,0.0
62,Ethereum,BSC,Ethereum->BSC,new_feature,6,6,22.881319444444443,0.0
63,Ethereum,BSC,Ethereum->BSC,bug_fix,1,1,0.0030439814814814813,0.0
64,Ethereum,BSC,Ethereum->BSC,bug_fix,15,15,11.935104166666667,-1.1574074074074073e-05
65,Ethereum,BSC,Ethereum->BSC,maintenance,2,2,0.4331712962962963,0.0
66,Ethereum,BSC,Ethereum->BSC,bug_fix,3,3,2.4203703703703705,0.0
67,Ethereum,BSC,Ethereum->BSC,bug_fix,13,13,44.09590277777778,0.0
68,Ethereum,BSC,Ethereum->BSC,refactor,50,50,13.389340277777778,-1.1574074074074073e-05
69,Ethereum,BSC,Ethereum->BSC,bug_fix,1,1,5.094641203703704,0.0
70,Ethereum,BSC,Ethereum->BSC,bug_fix,2,2,0.9516666666666667,0.0
71,Ethereum,BSC,Ethereum->BSC,bug_fix,1,1,0.24060185185185184,-1.1574074074074073e-05
72,Ethereum,BSC,Ethereum->BSC,new_feature,4,4,14.577280092592593,0.0
73,Ethereum,BSC,Ethereum->BSC,maintenance,1,1,1.4353125,0.0
74,Ethereum,BSC,Ethereum->BSC,bug_fix,1,1,0.7404050925925926,0.0
75,Ethereum,BSC,Ethereum->BSC,bug_fix,2,2,1.1475925925925925,0.0
76,Ethereum,BSC,Ethereum->BSC,bug_fix,24,26,13.909016203703704,0.0
77,Ethereum,BSC,Ethereum->BSC,bug_fix,2,2,4.853078703703703,0.0
78,Ethereum,BSC,Ethereum->BSC,new_feature,1,1,48.967905092592595,0.0
79,Ethereum,BSC,Ethereum->BSC,bug_fix,2,2,2.8325578703703704,0.0
80,Ethereum,BSC,Ethereum->BSC,bug_fix,2,2,3.5462962962962963,-1.1574074074074073e-05
81,Ethereum,BSC,Ethereum->BSC,bug_fix,1,1,0.06224537037037037,-1.1574074074074073e-05
82,Ethereum,BSC,Ethereum->BSC,new_feature,1,1,0.02025462962962963,-1.1574074074074073e-05
83,Ethereum,BSC,Ethereum->BSC,bug_fix,3,3,0.29359953703703706,0.0
84,Ethereum,BSC,Ethereum->BSC,bug_fix,1,1,4.774629629629629,-1.1574074074074073e-05
85,Ethereum,BSC,Ethereum->BSC,bug_fix,1,1,4.123240740740741,-1.1574074074074073e-05
86,Ethereum,BSC,Ethereum->BSC,bug_fix,1,1,8.857222222222223,0.0
87,Ethereum,BSC,Ethereum->BSC,maintenance,2,2,17.80199074074074,0.0
88,Ethereum,BSC,Ethereum->BSC,bug_fix,4,4,0.8132754629629629,0.0
89,Ethereum,BSC,Ethereum->BSC,bug_fix,2,2,638.3552893518519,0.0
90,Ethereum,BSC,Ethereum->BSC,bug_fix,1,1,6.509432870370371,0.0
91,Ethereum,BSC,Ethereum->BSC,bug_fix,4,4,21.096261574074074,0.0
92,Ethereum,BSC,Ethereum->BSC,bug_fix,1,1,0.012280092592592592,0.0
93,Ethereum,BSC,Ethereum->BSC,bug_fix,2,2,2.1312962962962962,0.0
94,Ethereum,BSC,Ethereum->BSC,maintenance,8,8,32.94299768518518,0.0
95,Ethereum,BSC,Ethereum->BSC,refactor,3,3,10.667905092592592,0.0
96,Ethereum,BSC,Ethereum->BSC,bug_fix,1,1,0.6040509259259259,0.0
97,Ethereum,BSC,Ethereum->BSC,refactor,2,2,0.7628587962962963,-1.1574074074074073e-05
98,Ethereum,BSC,Ethereum->BSC,bug_fix,12,12,26.069884259259258,-1.1574074074074073e-05
99,Ethereum,BSC,Ethereum->BSC,new_feature,25,25,49.37594907407407,0.0
100,Ethereum,BSC,Ethereum->BSC,bug_fix,2,2,638.3552893518519,0.0
101,Ethereum,BSC,Ethereum->BSC,bug_fix,6,6,45.63267361111111,0.0
102,Ethereum,BSC,Ethereum->BSC,maintenance,6,6,77.18686342592592,0.0
103,Ethereum,BSC,Ethereum->BSC,bug_fix,1,1,1.8502314814814815,0.0
104,Ethereum,BSC,Ethereum->BSC,bug_fix,2,2,11.173368055555555,0.0
105,Ethereum,BSC,Ethereum->BSC,bug_fix,3,3,14.78736111111111,0.0
106,Ethereum,BSC,Ethereum->BSC,bug_fix,2,2,0.5705208333333334,0.0
107,Ethereum,BSC,Ethereum->BSC,bug_fix,5,5,1.2868171296296296,0.0
108,Ethereum,BSC,Ethereum->BSC,bug_fix,5,5,138.39547453703705,0.0
109,Ethereum,BSC,Ethereum->BSC,bug_fix,2,2,86.71107638888888,0.0
110,Ethereum,BSC,Ethereum->BSC,bug_fix,1,1,235.48145833333334,-1.1574074074074073e-05
111,Ethereum,BSC,Ethereum->BSC,refactor,13,13,0.3620486111111111,0.0
112,Ethereum,BSC,Ethereum->BSC,bug_fix,3,3,8.799363425925925,0.0
113,Ethereum,BSC,Ethereum->BSC,maintenance,17,17,18.56513888888889,0.0
114,Ethereum,BSC,Ethereum->BSC,bug_fix,2,2,31.97130787037037,0.0
115,Ethereum,BSC,Ethereum->BSC,new_feature,1,1,0.07056712962962963,0.0
116,Ethereum,BSC,Ethereum->BSC,bug_fix,2,2,0.1929861111111111,0.0
117,Ethereum,BSC,Ethereum->BSC,bug_fix,2,2,0.02228009259259259,-1.1574074074074073e-05
118,Ethereum,Polygon,Ethereum->Polygon,bug_fix,8,4,168.25247685185184,142.11267361111112
119,Ethereum,Polygon,Ethereum->Polygon,bug_fix,1,20,-25.666909722222222,92.19137731481482
120,Ethereum,Polygon,Ethereum->Polygon,bug_fix,1,1,13.891122685185184,8.330578703703704
121,Ethereum,Polygon,Ethereum->Polygon,bug_fix,8,7,59.53164351851852,61.846099537037034
122,Ethereum,Polygon,Ethereum->Polygon,bug_fix,14,4,65.00086805555556,24.864895833333332
123,Ethereum,Polygon,Ethereum->Polygon,bug_fix,21,2,229.09137731481482,223.84168981481483
124,Ethereum,Polygon,Ethereum->Polygon,bug_fix,15,28,55.853865740740744,20.794965277777777
125,Ethereum,Polygon,Ethereum->Polygon,bug_fix,2,2,49.53431712962963,49.67112268518518
126,Ethereum,Polygon,Ethereum->Polygon,bug_fix,1,1,47.30645833333333,46.47291666666667
127,Ethereum,Polygon,Ethereum->Polygon,bug_fix,4,6,14.091493055555556,14.170798611111111
128,Ethereum,Polygon,Ethereum->Polygon,bug_fix,2,2,158.62777777777777,154.17299768518518
129,Ethereum,Polygon,Ethereum->Polygon,bug_fix,1,1,178.33930555555557,181.11288194444444
130,Ethereum,Polygon,Ethereum->Polygon,bug_fix,36,253,334.855625,173.9929398148148
131,Ethereum,Polygon,Ethereum->Polygon,bug_fix,2,2,55.69271990740741,63.19803240740741
132,Ethereum,Polygon,Ethereum->Polygon,bug_fix,35,1,290.2088425925926,175.82738425925925
133,Ethereum,Polygon,Ethereum->Polygon,bug_fix,4,4,216.1823611111111,216.6982986111111
134,Ethereum,Polygon,Ethereum->Polygon,bug_fix,4,4,218.54291666666666,217.51997685185185
135,Ethereum,Polygon,Ethereum->Polygon,bug_fix,4,0,218.64199074074074,217.55644675925927
136,Ethereum,Polygon,Ethereum->Polygon,new_feature,2,20,213.46730324074073,212.97240740740742
137,Ethereum,Polygon,Ethereum->Polygon,bug_fix,2,1,107.05271990740741,105.77697916666666
138,Ethereum,Polygon,Ethereum->Polygon,bug_fix,2,1,84.69543981481482,72.91184027777778
139,Ethereum,Polygon,Ethereum->Polygon,bug_fix,7,1,104.88621527777778,104.36070601851851
140,Ethereum,Polygon,Ethereum->Polygon,bug_fix,7,1,104.8894675925926,104.36040509259259
141,Ethereum,Polygon,Ethereum->Polygon,bug_fix,7,8,113.6919212962963,113.22667824074074
142,Ethereum,Polygon,Ethereum->Polygon,new_feature,12,3,234.91568287037038,126.6080787037037
143,Ethereum,Polygon,Ethereum->Polygon,new_feature,12,3,240.64025462962962,126.7338425925926
144,Ethereum,Polygon,Ethereum->Polygon,bug_fix,1,3,28.9153125,27.188136574074075
145,Ethereum,Polygon,Ethereum->Polygon,bug_fix,4,4,32.38589120370371,3.5971527777777776
146,Ethereum,Polygon,Ethereum->Polygon,bug_fix,1,1,385.06118055555555,386.0297106481481
147,Ethereum,Polygon,Ethereum->Polygon,bug_fix,1,1,3.923703703703704,3.0425
148,Ethereum,Polygon,Ethereum->Polygon,maintenance,1,1,23.30755787037037,-1.1574074074074073e-05
149,Ethereum,Polygon,Ethereum->Polygon,new_feature,15,15,39.23677083333333,0.0
150,Ethereum,Polygon,Ethereum->Polygon,refactor,21,21,53.03347222222222,-1.1574074074074073e-05
151,Ethereum,Polygon,Ethereum->Polygon,bug_fix,2,2,0.004456018518518519,-2.3148148148148147e-05
152,Ethereum,Polygon,Ethereum->Polygon,bug_fix,3,3,0.6806365740740741,0.0
153,Ethereum,Polygon,Ethereum->Polygon,bug_fix,24,24,13.909016203703704,0.0
154,Ethereum,Polygon,Ethereum->Polygon,new_feature,42,42,2.75474537037037,0.0
155,Ethereum,Polygon,Ethereum->Polygon,new_feature,6,6,4.329282407407407,-1.1574074074074073e-05
156,Ethereum,Polygon,Ethereum->Polygon,bug_fix,1,1,0.0009606481481481482,0.0
157,Ethereum,Polygon,Ethereum->Polygon,maintenance,2,2,1.3124189814814815,0.0
158,Ethereum,Polygon,Ethereum->Polygon,maintenance,1,1,0.4087384259259259,0.0
159,Ethereum,Polygon,Ethereum->Polygon,refactor,13,13,0.3620486111111111,0.0
160,Ethereum,Polygon,Ethereum->Polygon,bug_fix,2,2,0.7044907407407407,0.0
161,Ethereum,Polygon,Ethereum->Polygon,bug_fix,1,1,1.8502314814814815,0.0
162,Ethereum,Polygon,Ethereum->Polygon,new_feature,4,4,0.5284953703703704,0.0
163,Ethereum,Polygon,Ethereum->Polygon,bug_fix,45,45,65.0428587962963,-1.1574074074074073e-05
164,Ethereum,Polygon,Ethereum->Polygon,bug_fix,1,1,0.04693287037037037,-1.1574074074074073e-05
165,Ethereum,Polygon,Ethereum->Polygon,new_feature,3,3,2.012372685185185,0.0
166,Ethereum,Polygon,Ethereum->Polygon,bug_fix,1,1,0.500011574074074,0.0
167,Ethereum,Polygon,Ethereum->Polygon,bug_fix,10,10,2.9224305555555556,0.0
168,Ethereum,Polygon,Ethereum->Polygon,bug_fix,1,1,0.21877314814814816,0.0
169,Ethereum,Polygon,Ethereum->Polygon,bug_fix,4,4,1.1061458333333334,0.0
170,Ethereum,Polygon,Ethereum->Polygon,bug_fix,2,2,3.6647800925925926,0.0
171,Ethereum,Polygon,Ethereum->Polygon,maintenance,3,3,3.001377314814815,0.0
172,Ethereum,Polygon,Ethereum->Polygon,maintenance,9,9,13.661643518518519,0.0
173,Ethereum,Polygon,Ethereum->Polygon,maintenance,2,2,19.85644675925926,0.0
174,Ethereum,Polygon,Ethereum->Polygon,bug_fix,12,12,17.64988425925926,-1.1574074074074073e-05
175,Ethereum,Polygon,Ethereum->Polygon,bug_fix,1,1,0.7363888888888889,0.0
176,Ethereum,Polygon,Ethereum->Polygon,bug_fix,2,2,31.97130787037037,0.0
177,Ethereum,Polygon,Ethereum->Polygon,bug_fix,1,1,0.025486111111111112,0.0
178,Ethereum,Polygon,Ethereum->Polygon,bug_fix,4,4,21.35679398148148,0.0
179,Ethereum,Polygon,Ethereum->Polygon,bug_fix,8,300,201.25302083333332,105.33826388888889
180,Ethereum,Polygon,Ethereum->Polygon,bug_fix,2,12,458.58827546296294,453.97445601851854
181,Ethereum,Polygon,Ethereum->Polygon,bug_fix,60,60,4.035127314814815,-1.1574074074074073e-05
182,Ethereum,Polygon,Ethereum->Polygon,bug_fix,3,3,3.2217824074074075,0.0
183,Ethereum,Polygon,Ethereum->Polygon,refactor,1,1,1.173113425925926,-1.1574074074074073e-05
184,Ethereum,Polygon,Ethereum->Polygon,new_feature,1,1,0.18388888888888888,0.0
185,Ethereum,Polygon,Ethereum->Polygon,maintenance,1,1,8.092604166666666,0.0
186,Ethereum,Polygon,Ethereum->Polygon,new_feature,6,6,22.881319444444443,0.0
187,Ethereum,Polygon,Ethereum->Polygon,maintenance,2,2,1.3124189814814815,0.0
188,Ethereum,Polygon,Ethereum->Polygon,bug_fix,24,300,175.66746527777778,166.8657638888889
189,Ethereum,Polygon,Ethereum->Polygon,bug_fix,17,1,31.119363425925926,0.15395833333333334
190,Ethereum,Polygon,Ethereum->Polygon,bug_fix,15,15,11.935104166666667,-1.1574074074074073e-05
191,Ethereum,Polygon,Ethereum->Polygon,bug_fix,1,300,175.2229513888889,175.22055555555556
192,Ethereum,Polygon,Ethereum->Polygon,maintenance,2,2,0.4331712962962963,0.0
193,Ethereum,Polygon,Ethereum->Polygon,bug_fix,3,3,2.4203703703703705,0.0
194,Ethereum,Polygon,Ethereum->Polygon,bug_fix,13,13,44.09590277777778,0.0
195,Ethereum,Polygon,Ethereum->Polygon,refactor,50,50,13.389340277777778,-1.1574074074074073e-05
196,Ethereum,Polygon,Ethereum->Polygon,bug_fix,1,1,102.98361111111112,97.84741898148148
197,Ethereum,Polygon,Ethereum->Polygon,bug_fix,1,1,5.094641203703704,0.0
198,Ethereum,Polygon,Ethereum->Polygon,bug_fix,2,2,0.9516666666666667,0.0
200,Ethereum,Polygon,Ethereum->Polygon,bug_fix,0,2,135.69378472222223,-508.03260416666666
201,Ethereum,Polygon,Ethereum->Polygon,new_feature,4,4,14.577280092592593,0.0
202,Ethereum,Polygon,Ethereum->Polygon,maintenance,1,1,1.4353125,0.0
203,Ethereum,Polygon,Ethereum->Polygon,bug_fix,1,1,0.7404050925925926,0.0
204,Ethereum,Polygon,Ethereum->Polygon,bug_fix,2,2,1.1475925925925925,0.0
205,Ethereum,Polygon,Ethereum->Polygon,bug_fix,1,1,99.12392361111111,99.12392361111111
206,Ethereum,Polygon,Ethereum->Polygon,bug_fix,2,2,4.853078703703703,0.0
207,Ethereum,Polygon,Ethereum->Polygon,new_feature,1,1,48.967905092592595,0.0
208,Ethereum,Polygon,Ethereum->Polygon,bug_fix,2,2,3.5462962962962963,-1.1574074074074073e-05
209,Ethereum,Polygon,Ethereum->Polygon,bug_fix,1,1,0.06224537037037037,-1.1574074074074073e-05
210,Ethereum,Polygon,Ethereum->Polygon,new_feature,1,1,0.02025462962962963,-1.1574074074074073e-05
211,Ethereum,Polygon,Ethereum->Polygon,bug_fix,4,4,21.35679398148148,0.0
212,Ethereum,Polygon,Ethereum->Polygon,bug_fix,2,88,104.14708333333333,103.91951388888889
213,Ethereum,Polygon,Ethereum->Polygon,bug_fix,3,3,0.29359953703703706,0.0
214,Ethereum,Polygon,Ethereum->Polygon,bug_fix,1,1,4.774629629629629,-1.1574074074074073e-05
215,Ethereum,Polygon,Ethereum->Polygon,bug_fix,1,1,4.123240740740741,-1.1574074074074073e-05
216,Ethereum,Polygon,Ethereum->Polygon,new_feature,6,6,4.329282407407407,-1.1574074074074073e-05
217,Ethereum,Polygon,Ethereum->Polygon,bug_fix,1,1,8.857222222222223,0.0
218,Ethereum,Polygon,Ethereum->Polygon,maintenance,2,2,17.80199074074074,0.0
219,Ethereum,Polygon,Ethereum->Polygon,bug_fix,4,4,0.8132754629629629,0.0
220,Ethereum,Polygon,Ethereum->Polygon,bug_fix,2,2,638.3552893518519,0.0
221,Ethereum,Polygon,Ethereum->Polygon,bug_fix,1,1,6.509432870370371,0.0
222,Ethereum,Polygon,Ethereum->Polygon,bug_fix,4,4,21.096261574074074,0.0
223,Ethereum,Polygon,Ethereum->Polygon,bug_fix,1,1,0.012280092592592592,0.0
224,Ethereum,Polygon,Ethereum->Polygon,bug_fix,2,2,2.1312962962962962,0.0
225,Ethereum,Polygon,Ethereum->Polygon,maintenance,8,8,32.94299768518518,0.0
226,Ethereum,Polygon,Ethereum->Polygon,refactor,3,3,10.667905092592592,0.0
227,Ethereum,Polygon,Ethereum->Polygon,bug_fix,8,300,211.11449074074073,115.1997337962963
228,Ethereum,Polygon,Ethereum->Polygon,maintenance,1,1,1.4353125,0.0
229,Ethereum,Polygon,Ethereum->Polygon,bug_fix,1,1,0.6040509259259259,0.0
230,Ethereum,Polygon,Ethereum->Polygon,refactor,2,2,0.7628587962962963,-1.1574074074074073e-05
231,Ethereum,Polygon,Ethereum->Polygon,bug_fix,12,12,26.069884259259258,-1.1574074074074073e-05
232,Ethereum,Polygon,Ethereum->Polygon,new_feature,25,25,49.37594907407407,0.0
233,BSC,Polygon,BSC->Polygon,bug_fix,25,50,906.8297453703703,840.8206597222222
234,Ethereum,Polygon,Ethereum->Polygon,bug_fix,6,6,45.63267361111111,0.0
235,Ethereum,Polygon,Ethereum->Polygon,maintenance,6,6,77.18686342592592,0.0
236,Ethereum,Polygon,Ethereum->Polygon,bug_fix,2,2,11.173368055555555,0.0
237,Ethereum,Polygon,Ethereum->Polygon,bug_fix,3,3,14.78736111111111,0.0
238,Ethereum,Polygon,Ethereum->Polygon,bug_fix,2,2,0.5705208333333334,0.0
239,Ethereum,Polygon,Ethereum->Polygon,refactor,24,24,2.0113541666666666,0.0
240,Ethereum,Polygon,Ethereum->Polygon,bug_fix,5,5,1.2868171296296296,0.0
241,Ethereum,Polygon,Ethereum->Polygon,bug_fix,5,5,138.39547453703705,0.0
242,Ethereum,Polygon,Ethereum->Polygon,bug_fix,5,5,138.39547453703705,0.0
243,Ethereum,Polygon,Ethereum->Polygon,bug_fix,2,2,86.71107638888888,0.0
244,Ethereum,Polygon,Ethereum->Polygon,bug_fix,1,1,235.48145833333334,-1.1574074074074073e-05
245,Ethereum,Polygon,Ethereum->Polygon,refactor,13,13,0.3620486111111111,0.0
246,Ethereum,Polygon,Ethereum->Polygon,maintenance,6,6,77.18686342592592,0.0
247,Ethereum,Polygon,Ethereum->Polygon,bug_fix,3,3,8.799363425925925,0.0
248,Ethereum,Polygon,Ethereum->Polygon,maintenance,17,17,18.56513888888889,0.0
249,Ethereum,Polygon,Ethereum->Polygon,new_feature,1,1,0.07056712962962963,0.0
250,Ethereum,Polygon,Ethereum->Polygon,bug_fix,2,2,0.1929861111111111,0.0
251,Ethereum,Polygon,Ethereum->Polygon,bug_fix,2,22,86.47328703703704,86.2457175925926
252,Ethereum,Polygon,Ethereum->Polygon,bug_fix,2,2,0.02228009259259259,-1.1574074074074073e-05
253,Ethereum,Celo,Ethereum->Celo,bug_fix,1,1,246.2001736111111,246.44496527777778
254,Ethereum,Celo,Ethereum->Celo,bug_fix,3,3,375.8986574074074,377.12586805555554
255,Ethereum,Celo,Ethereum->Celo,bug_fix,1,1,235.48145833333334,-1.1574074074074073e-05
256,Ethereum,Celo,Ethereum->Celo,bug_fix,4,3,459.8706481481481,451.235162037037
258,Ethereum,Celo,Ethereum->Celo,new_feature,5,5,577.8459375,476.2662962962963
259,Ethereum,Celo,Ethereum->Celo,bug_fix,6,5,457.2812152777778,458.86202546296295
260,Ethereum,Celo,Ethereum->Celo,bug_fix,2,2,290.46260416666667,284.0254166666667
261,Ethereum,Celo,Ethereum->Celo,new_feature,4,3,70.21211805555555,231.86336805555555
262,Ethereum,Celo,Ethereum->Celo,bug_fix,1,1,133.19811342592592,-1.1574074074074073e-05
263,Ethereum,Celo,Ethereum->Celo,bug_fix,2,2,605.1765625,606.3759953703703
264,Ethereum,Polygon,Ethereum->Polygon,bug_fix,1,1,83.04886574074074,83.03862268518519
265,Ethereum,Celo,Ethereum->Celo,bug_fix,1,1,18.389027777777777,18.388715277777777
266,Ethereum,Celo,Ethereum->Celo,new_feature,2,2,63.26952546296296,64.67856481481482
267,Ethereum,Celo,Ethereum->Celo,bug_fix,1,5,22.70619212962963,21.459479166666668
